BUB1	2-110668376-C-T	novel	ERR HTTP Error 400: Bad Request		
BUB1	2-110671177-G-A	novel	ERR HTTP Error 400: Bad Request		
BUB1	2-110681625-GAGAGAGAA-G	novel 8bp del	ERR HTTP Error 400: Bad Request		
BUB1B	15-40209701-T-G	novel	ERR HTTP Error 400: Bad Request		
BUB1B	15-40216470-A-G	novel	ERR HTTP Error 400: Bad Request		
BUB1B	15-40220612-T-G	novel	ERR HTTP Error 400: Bad Request		
BUB1B	15-40192892-C-T	rs185599777	ERR HTTP Error 400: Bad Request		
CEP57	11-95786495-G-A	rs144140679	ERR HTTP Error 400: Bad Request		
CEP57	11-95786791-T-C	rs139949893	ERR HTTP Error 400: Bad Request		
CEP57	11-95801248-G-A	rs117154762	ERR HTTP Error 400: Bad Request		
CEP57	11-95830582-C-T	rs144598445	ERR HTTP Error 429: Too Many Requests		
TRIP13	5-902436-A-G	rs142950691	ERR HTTP Error 429: Too Many Requests		
CENATAC	11-119014984-T-C	rs190557381	ERR HTTP Error 429: Too Many Requests		
CENATAC	11-118995257-G-T	rs190719613	ERR HTTP Error 429: Too Many Requests		
CENATAC	11-118995866-C-T	rs137879106	ERR HTTP Error 429: Too Many Requests		
TUBGCP4	15-43395933-T-C	novel	ERR HTTP Error 429: Too Many Requests		
TUBGCP6	22-50212759-ACG-A	novel 3bp del	ERR HTTP Error 429: Too Many Requests		
TUBGCP6	22-50235009-C-T	novel	ERR HTTP Error 429: Too Many Requests		
TUBGCP6	22-50221169-C-T	rs149231425	ERR HTTP Error 429: Too Many Requests		
TUBGCP6	22-50227684-C-T	rs188370549	ERR HTTP Error 429: Too Many Requests		
TUBGCP6	22-50229407-G-C	rs199690816	ERR HTTP Error 429: Too Many Requests		
TUBGCP6	22-50247942-C-T	rs34402301	ERR HTTP Error 429: Too Many Requests		
