gene	chrom	pos	ref	alt	tag	vep_consequence	hgvsc	hgvsp	amino_acids	ensembl_freqs	gnomad_r4
BUB1	chr2	110668376	C	T	novel	intron_variant				T:gnomadg=7.882e-05,af=0.0002	AF=7.88e-05 (g 12/152250 e None/None)
BUB1	chr2	110671177	G	A	novel	intron_variant				A:gnomadg=5.259e-05	AF=5.26e-05 (g 8/152120 e None/None)
BUB1	chr2	110681625	GAGAGAGAA	G	novel 8bp del	upstream_gene_variant				-:gnomadg=0.04226	AF=0.0423 (g 4582/108412 e None/None)
BUB1	chr2	110681631	GAA	G	alt-repr 2bp del	upstream_gene_variant				-:gnomadg=0.1115	AF=0.112 (g 9502/85190 e None/None)
BUB1	chr2	110680852	CT	C	rs201735899	upstream_gene_variant				-:gnomadg=0.01216,af=0.0118	AF=0.0122 (g 1851/152274 e None/None)
BUB1B	chr15	40209701	T	G	novel	stop_gained			L/*	G:gnomadg=3.286e-05,gnomade=7.867e-05	AF=7.87e-05 (g 5/152174 e 115/1461846)
BUB1B	chr15	40216470	A	G	novel	intron_variant					absent_from_gnomAD_r4
BUB1B	chr15	40220612	T	G	novel	missense_variant			N/K		AF=6.84e-07 (g None/None e 1/1461878)
BUB1B	chr15	40192892	C	T	rs185599777	intron_variant				T:gnomadg=0.002127,af=0.0008	AF=0.00213 (g 324/152306 e None/None)
CEP57	chr11	95786495	G	A	rs144140679	upstream_gene_variant				A:gnomadg=0.01044,gnomade=0.01284,af=0.0038	AF=0.0128 (g 1589/152180 e 3476/270666)
CEP57	chr11	95786791	T	C	rs139949893	upstream_gene_variant				C:gnomadg=0.006146,gnomade=0,af=0.0032	AF=0.00615 (g 936/152304 e 0/228)
CEP57	chr11	95801248	G	A	rs117154762	intron_variant				A:gnomadg=0.008338,af=0.0044	AF=0.00834 (g 1269/152190 e None/None)
CEP57	chr11	95830582	C	T	rs144598445	intron_variant				T:gnomadg=0.01028,af=0.0028	AF=0.0103 (g 1565/152242 e None/None)
TRIP13	chr5	902436	A	G	rs142950691	intron_variant				G:gnomadg=0.008338,af=0.0024	AF=0.00834 (g 1270/152322 e None/None)
CENATAC	chr11	119014984	T	C	rs190557381	splice_polypyrimidine_tract_variant,intron_variant				C:gnomadg=0.01229,gnomade=0.01625,af=0.0072	AF=0.0163 (g 1846/150156 e 22932/1411048)
CENATAC	chr11	118995257	G	T	rs190719613	upstream_gene_variant				T:gnomadg=0.0008452,af=0.001	AF=0.000845 (g 128/151440 e None/None)
CENATAC	chr11	118995866	C	T	rs137879106	upstream_gene_variant				T:gnomadg=0.01234,af=0.0066	AF=0.0123 (g 1879/152282 e None/None)
TUBGCP4	chr15	43395933	T	C	novel	intron_variant				C:gnomadg=0.0004535	AF=0.000453 (g 69/152160 e None/None)
TUBGCP6	chr22	50212759	ACG	A	novel 3bp del	downstream_gene_variant				-:gnomadg=0.003529	AF=0.00353 (g 535/151584 e None/None)
TUBGCP6	chr22	50235009	C	T	novel	intron_variant				T:gnomadg=0.02098,af=0.0134	AF=0.021 (g 3083/146920 e None/None)
TUBGCP6	chr22	50221169	C	T	rs149231425	missense_variant			G/R	T:gnomadg=0.02066,gnomade=0.02642,af=0.0132	AF=0.0264 (g 3145/152250 e 38599/1461202)
TUBGCP6	chr22	50227684	C	T	rs188370549	intron_variant				T:gnomadg=0.005395,af=0.0014	AF=0.0054 (g 822/152354 e None/None)
TUBGCP6	chr22	50229407	G	C	rs199690816	missense_variant			F/L	C:gnomadg=7.219e-05,gnomade=0.000115,af=0.0002	AF=0.000115 (g 11/152376 e 168/1461004)
TUBGCP6	chr22	50247942	C	T	rs34402301	upstream_gene_variant				T:gnomadg=0.04276,gnomade=0.0566,af=0.0192	AF=0.0566 (g 6512/152292 e 82669/1460492)
TUBGCP6	chr22	50244603	A	AT	rs3841005	5_prime_UTR_variant				T:gnomadg=0.3671,gnomade=0.3601	AF=0.367 (g 55832/152070 e 421569/1170664)
TUBGCP6	chr22	50249226	A	AG	rs3830749	upstream_gene_variant				G:gnomadg=0.7643,gnomade=0.7524	AF=0.764 (g 91055/119132 e 461413/613284)
